user_id,session_id,url,retrieved_page_title,retrieved_url,timestamp
2bc581dd-ae10-4f36-a050-986e69748449,29a3545b-bca3-4716-9414-126e21b5da5b,https://www.imdb.com/title/tt0116922/?ref_=ls_t_11,Lost Highway (1997) - IMDb,https://www.imdb.com/title/tt0116922/,1741849740
2bc581dd-ae10-4f36-a050-986e69748449,29a3545b-bca3-4716-9414-126e21b5da5b,https://www.imdb.com/title/tt0062622/?ref_=ls_t_8,2001: A Space Odyssey (1968) - IMDb,https://www.imdb.com/title/tt0062622/?ref_%3Dnv_sr_srsg_0,1741858260
2bc581dd-ae10-4f36-a050-986e69748449,29a3545b-bca3-4716-9414-126e21b5da5b,https://www.imdb.com/title/tt0119167/?ref_=ls_t_5,123movies Watch Funny Games Online | Watch Full HD Movie Funny Games (1997) Online For Free 123movies,https://ww2.0123movies.live/movie/funny-games,1741867200
2bc581dd-ae10-4f36-a050-986e69748449,29a3545b-bca3-4716-9414-126e21b5da5b,https://www.imdb.com/title/tt3460252/?ref_=ls_t_1,The Hateful Eight (2015) - IMDb,https://www.imdb.com/title/tt3460252/,1741876140
2bc581dd-ae10-4f36-a050-986e69748449,29a3545b-bca3-4716-9414-126e21b5da5b,https://www.imdb.com/title/tt0064116/?ref_=ls_t_3,Once Upon a Time in the West HD on 123Movies. Watch Free Online Movies,https://ww1.123movies.gallery/movie/once-upon-a-time-in-the-west/boVwo7p0-123movies.html,1741876260
2bc581dd-ae10-4f36-a050-986e69748449,29a3545b-bca3-4716-9414-126e21b5da5b,https://www.roadrunnersports.com/category/mens/shoes/running,"Mens Running, Casual & Athletic Shoes - New Balance",https://www.newbalance.ca/en_ca/men/shoes/all-shoes/,1741876320
2bc581dd-ae10-4f36-a050-986e69748449,29a3545b-bca3-4716-9414-126e21b5da5b,https://www.nbcnews.com/sports,"NewsNow: Nbc news | Every Source, Every Five Minutes, 24/7 news",https://www.newsnow.com/us/?search=nbc,1741881600
2bc581dd-ae10-4f36-a050-986e69748449,29a3545b-bca3-4716-9414-126e21b5da5b,https://www.youtube.com/watch?v=QPx7XpMh28E,PTPA issues statement in support of president Novak Djokovic,https://www.tennis.com/news/articles/ptpa-issues-statement-in-support-of-president-novak-djokovic,1741892220
2bc581dd-ae10-4f36-a050-986e69748449,29a3545b-bca3-4716-9414-126e21b5da5b,https://apnews.com/article/dodgers-cubs-tokyo-score-a508bd094c3b7540bae6d6e90832d5c0,"Dodgers vs. Cubs - Game Summary - May 4, 2021 - ESPN",https://www.espn.com/mlb/game/_/gameId/401227491,1741896480
2bc581dd-ae10-4f36-a050-986e69748449,29a3545b-bca3-4716-9414-126e21b5da5b,https://www.cbssports.com/college-basketball/news/north-carolina-vs-sdsu-where-to-watch-trutv-channel-time-stream-for-first-four-game-in-2025-march-madness/,March Madness 2021: What channel is truTV? | RSN,https://www.nbcsports.com/washington/ncaa/march-madness-2021-what-channel-trutv,1741909800
4c640a1a-533e-42ba-9994-bf51c8c325a4,56858e64-0cab-4a4c-9a10-3efe3cdeb94c,https://www.bilibili.com/video/BV1ZiQzYGEA6/?spm_id_from=333.1007.tianma.1-3-3.click,What is Escape 2021? How to Watch It Now?,https://www.geeksultd.com/2021/12/what-is-escape-2021-how-to-watch-it-now/,1742235060
4c640a1a-533e-42ba-9994-bf51c8c325a4,56858e64-0cab-4a4c-9a10-3efe3cdeb94c,https://www.bilibili.com/video/BV1ZxQ2YAERj/?spm_id_from=333.1007.tianma.4-1-11.click&vd_source=279b5373f0512e9f7ddb6cdc28fc6072,Module Archives - Python Pool,https://www.pythonpool.com/category/module/,1742235180
4c640a1a-533e-42ba-9994-bf51c8c325a4,56858e64-0cab-4a4c-9a10-3efe3cdeb94c,https://www.bilibili.com/video/BV1DJF6eHE8h/?spm_id_from=333.1007.tianma.5-4-18.click,"On Japans Megxit, We Need a Feminist and Human Rights Conversation | Opinion",https://www.newsweek.com/japans-megxit-we-need-feminist-human-rights-conversation-opinion-1644141,1742235240
4c640a1a-533e-42ba-9994-bf51c8c325a4,56858e64-0cab-4a4c-9a10-3efe3cdeb94c,https://www.bilibili.com/video/BV1X9XSYeEkd/?spm_id_from=333.1007.tianma.6-1-19.click,"腾讯视频 - 中国领先的在线视频媒体平台,海量高清视频在线观看",https://www.mdoutv.com/movie/1580.html,1742235240
4c640a1a-533e-42ba-9994-bf51c8c325a4,56858e64-0cab-4a4c-9a10-3efe3cdeb94c,https://www.bilibili.com/video/BV1JcASeTEfa?spm_id_from=333.788.player.player_end_recommend&vd_source=279b5373f0512e9f7ddb6cdc28fc6072,User Account,https://archive.org/details/@upi7,1742235540
4c640a1a-533e-42ba-9994-bf51c8c325a4,56858e64-0cab-4a4c-9a10-3efe3cdeb94c,https://www.bilibili.com/video/BV1YDNAePEAQ?spm_id_from=333.788.player.switch&vd_source=279b5373f0512e9f7ddb6cdc28fc6072,INTERVIEW: United States of FEAR: Mass Delusional Psychosis,https://ugetube.com/watch/interview-united-states-of-fear-mass-delusional-psychosis_p8o6rQrOhA9zXOS.html,1742235780
4c640a1a-533e-42ba-9994-bf51c8c325a4,56858e64-0cab-4a4c-9a10-3efe3cdeb94c,https://www.bilibili.com/video/BV1JsFXeqEK9?spm_id_from=333.788.player.switch&vd_source=279b5373f0512e9f7ddb6cdc28fc6072,Contact Us,https://www.realclearpolitics.com/contact.html,1742236020
4c640a1a-533e-42ba-9994-bf51c8c325a4,56858e64-0cab-4a4c-9a10-3efe3cdeb94c,https://www.bilibili.com/video/BV1YGAPewEx8?spm_id_from=333.788.player.switch&vd_source=279b5373f0512e9f7ddb6cdc28fc6072,SEC not happy about Meta 1 Coin scam still going on!,https://www.oom2.com/t76397-sec-not-happy-about-meta-1-coin-scam-still-going-on,1742236320
4c640a1a-533e-42ba-9994-bf51c8c325a4,56858e64-0cab-4a4c-9a10-3efe3cdeb94c,https://www.bilibili.com/video/BV1SwPee5EPJ/?spm_id_from=333.1007.tianma.6-3-21.click,视频去哪了呢？_哔哩哔哩_bilibili,https://www.bilibili.com/video/BV1LP4y1n7Ex,1742236440
4c640a1a-533e-42ba-9994-bf51c8c325a4,56858e64-0cab-4a4c-9a10-3efe3cdeb94c,https://www.bilibili.com/video/BV1Gm42177NV?spm_id_from=333.788.player.player_end_recommend&vd_source=279b5373f0512e9f7ddb6cdc28fc6072,"Real Raw News | Science, Politics, Conspiracy, Trump",https://realrawnews.com/,1742236980
67b53c29-29a6-44c8-8dd9-7f09ed0eb7b7,4705b162-03e1-4dd8-905c-5045824a729b,https://www.fandango.com/the-amateur-2025-235561/movie-overview,Tickets & Deals,https://www.chaswvccc.com/p/tickets--deals,1742197560
67b53c29-29a6-44c8-8dd9-7f09ed0eb7b7,4705b162-03e1-4dd8-905c-5045824a729b,https://www.essexapartmenthomes.com/apartments/sunnyvale/via,"Via Apartments for Rent in Sunnyvale, CA | Essex",https://www.essexapartmenthomes.com/apartments/sunnyvale/via,1742197740
67b53c29-29a6-44c8-8dd9-7f09ed0eb7b7,4705b162-03e1-4dd8-905c-5045824a729b,https://www.amazon.com/VANOMi-Century-Loveseat-Bedroom-Apartment/dp/B0DMDH7GPK/ref=sr_1_12_sspa?crid=36B24XD2JNFER&dib=eyJ2IjoiMSJ9.ftj0rRhD3ZqDqOxU7xJcdmv9r3roXh4In-N4Uo2jbuPiXLrpgjceFV847sHV1QzOX3UFl88jm4OAp-sDQtl4YxNFlbUw-2QnXFZ3hmIPb8QexxNF68ZCMScLyJMuzjRbcMXh4C6y8H-CpDExxXAAIJ2K0ANh-dVjWZTP_PlvZfepkUaQff2gLTx7HYnYQYR09UEsrMS-k1bjemsHbdQ-orDE2u4OyNYlhViuSSUEgaexS6-Pifquc1kFaZv3Hf6egYZXT3YrJZB7CKcEZDUmwkf7eaRRykvIj_iy5ADfO0Q.Bxjs0q_ZIinTdRFssNrx_Jzwhk3aA_yqs08IwJftiw8&dib_tag=se&keywords=sofa%2Bbed&qid=1742384890&sprefix=sofa%2Bbed%2Caps%2C127&sr=8-12-spons&sp_csd=d2lkZ2V0TmFtZT1zcF9tdGY&th=1,Amazon.com: mid-century modern loveseat,https://www.amazon.com/mid-century-modern-loveseat/s?k=mid-century+modern+loveseat,1742197920
67b53c29-29a6-44c8-8dd9-7f09ed0eb7b7,4705b162-03e1-4dd8-905c-5045824a729b,https://www.amazon.com/MAXYOYO-Adjustable-Multi-Functional-5-Position-Versatile/dp/B0DH1PBRP4/ref=sr_1_24?crid=3NX3UCATO4D4C&dib=eyJ2IjoiMSJ9.qVCUhd8KjC-QLRByDTnbZv9crLa4Gwyj09UvhYOrGOJnpS5JoBgM4SGImvAMY16i5VV-92q_boRpQ9ZJKgaITiEEJKWyRhQ-LwfgHw0Xdiv2Ra7JX7JTI6vpE1l2iFjmJ788zgQFzS7h3RMg2T68r3XZpJc0F2z35QvQfkTIkgaLiGhpU0iNkIMK2_xsehL1CUrq9t2tE-dPn9qAE12_yCoesZHVONErn0No68q_0dDu3Gin81JcW-t9B9O_WpfAy7huW4C456vaXAScaCzuhaDDMfgBdtFgqsMUnpNcsIXbve65IfeLz1qImkKOk7Rf0TGVpCx-9iiNBfEyYlNgNBzTq0LaNi262p6P_lHX-8s.07FdKBzzZL248FgT2Vw9cdMu44rXK72jEMV1JCA2DXo&dib_tag=se&keywords=sofa%2Bbed&qid=1742386192&refinements=p_n_feature_four_browse-bin%3A23660192011%2Cp_n_feature_eleven_browse-bin%3A12012855011%2Cp_72%3A1248915011&rnid=1248913011&s=home-garden&sprefix=sofa%2Bbed%2Caps%2C155&sr=1-24&th=1,Amazon.com: Floor Sofa Bed Adjustable Sleeper Bed Futon Bed Sofa Couches 5-Position Reclining Lazy Sofa with Two Pillows (Ink Black) : Home & Kitchen,https://www.amazon.com/Adjustable-Sleeper-Couches-5-Position-Reclining/dp/B085DBWQ9M,1742199180
67b53c29-29a6-44c8-8dd9-7f09ed0eb7b7,4705b162-03e1-4dd8-905c-5045824a729b,https://www.amazon.com/wOod-Foldable-Convertible-Adjustable-Apartment/dp/B0BW3PF5R4/ref=sr_1_32?crid=3NX3UCATO4D4C&dib=eyJ2IjoiMSJ9.IpR8y77YZpVzDRgS8aHI6vgjxCdM2L4CyggWn-cpt6p8-QIcZYY0iUlR8QfB8ip-38-tgoXNYUtirSjxEUBUohm_zFsv3fdn3Sl5yUBtVEC08nPuv2j1VBYBCj46xZ5sYqZbwr7Zpj-46zIgmnqXLVGqJk8uuB0ThI6by2Rssp-cJPKmsEp7glvDAJt9Cb4ahQqVRCbXM4Ev6NkUXoBGCuW9uFujpm8AqiNKlCZrrVpFLk6_LjkYYdZuFnrFuWMPmX_9iBFCE-RChv5U-YDtQOku_kyxg9s57MwSAtpQoCf_OBWontlRDIWnoB40u6ZP0tvwIXyXgflLcnO8_e0KWBvTLrN0xp-24736v3wrS3c.ePVZmfL8O7WOYYRMlyrVCRB8It0lkkbQTcYbo0GaxJM&dib_tag=se&keywords=sofa%2Bbed&qid=1742386681&refinements=p_36%3A24500-%2Cp_n_feature_four_browse-bin%3A23660192011%2Cp_n_feature_eleven_browse-bin%3A12012855011%2Cp_72%3A1248915011&rnid=386465011&s=home-garden&sprefix=sofa%2Bbed%2Caps%2C155&sr=1-32&ufe=app_do%3Aamzn1.fos.5998aa40-ec6f-4947-a68f-cd087fee0848&xpid=2xDGqWayAQRUp&th=1,Amazon.com: futon daybed,https://www.amazon.com/futon-daybed/s?k=futon+daybed,1742199480
67b53c29-29a6-44c8-8dd9-7f09ed0eb7b7,4705b162-03e1-4dd8-905c-5045824a729b,https://www.imdb.com/?ref_=nv_home,IMDb Rating System,https://techboomers.com/t/imdb-ratings-system,1742199720
67b53c29-29a6-44c8-8dd9-7f09ed0eb7b7,4705b162-03e1-4dd8-905c-5045824a729b,https://www.youtube.com/watch?v=bf1264iFr-w&list=PL06960BA52D0DB32B,Lecture Collection | Linear Dynamical Systems - YouTube,https://www.youtube.com/playlist?list=PL06960BA52D0DB32B,1742199780
67b53c29-29a6-44c8-8dd9-7f09ed0eb7b7,4705b162-03e1-4dd8-905c-5045824a729b,https://www.encasaliving.com/Thank-You.aspx,Home | Encasa Living,https://encasaliving.com/,1742208300
67b53c29-29a6-44c8-8dd9-7f09ed0eb7b7,4705b162-03e1-4dd8-905c-5045824a729b,https://www.encasaliving.com/,Home | Encasa Living,https://encasaliving.com/,1742208300
67b53c29-29a6-44c8-8dd9-7f09ed0eb7b7,4705b162-03e1-4dd8-905c-5045824a729b,https://www.bilibili.com/,哔哩哔哩弹幕视频网 - ( ゜- ゜)つロ 乾杯~ - bilibili,https://member.bilibili.com/v2?spm_id_from=333.1007.0.0,1742221200
d0ef3652-7add-4110-a0de-90e4f7f41083,e177bd9f-a6be-4b22-b5e0-7f1a53673220,https://www.imdb.com/title/tt0114814/?ref_=chttp_t_46,The Usual Suspects (1995) - IMDb,https://www.imdb.com/title/tt0114814/,1742174100
d0ef3652-7add-4110-a0de-90e4f7f41083,e177bd9f-a6be-4b22-b5e0-7f1a53673220,https://www.imdb.com/title/tt1675434/?ref_=chttp_t_47,The Intouchables (2011) - Plot Summary - IMDb,https://www.imdb.com/title/tt1675434/plotsummary,1742174100
d0ef3652-7add-4110-a0de-90e4f7f41083,e177bd9f-a6be-4b22-b5e0-7f1a53673220,https://www.imdb.com/title/tt0095765/?ref_=chttp_t_48,Cinema Paradiso (1988) - Plot Summary - IMDb,https://www.imdb.com/title/tt0095765/plotsummary,1742174100
d0ef3652-7add-4110-a0de-90e4f7f41083,e177bd9f-a6be-4b22-b5e0-7f1a53673220,https://www.imdb.com/title/tt0027977/?ref_=chttp_t_49,Modern Times (1936) - IMDb,https://www.imdb.com/title/tt0027977/,1742174100
d0ef3652-7add-4110-a0de-90e4f7f41083,e177bd9f-a6be-4b22-b5e0-7f1a53673220,https://www.imdb.com/title/tt0078748/?ref_=chttp_t_50,Alien (1979) - IMDb,https://www.imdb.com/title/tt0078748/?ref_%3Dnv_sr_srsg_0,1742174100
d0ef3652-7add-4110-a0de-90e4f7f41083,e177bd9f-a6be-4b22-b5e0-7f1a53673220,https://www.imdb.com/title/tt0047396/?ref_=chttp_t_51,Rear Window (1954) - Plot Summary - IMDb,https://www.imdb.com/title/tt0047396/plotsummary,1742174100
d0ef3652-7add-4110-a0de-90e4f7f41083,e177bd9f-a6be-4b22-b5e0-7f1a53673220,https://www.imdb.com/title/tt0064116/?ref_=chttp_t_52,Once Upon a Time in the West HD on 123Movies. Watch Free Online Movies,https://ww1.123movies.gallery/movie/once-upon-a-time-in-the-west/boVwo7p0-123movies.html,1742174100
d0ef3652-7add-4110-a0de-90e4f7f41083,e177bd9f-a6be-4b22-b5e0-7f1a53673220,https://www.imdb.com/title/tt1853728/?ref_=chttp_t_53,Django Unchained (2012) Watch Online Free 123Movies - 123movies,https://123moviesuk.org/django-unchained-2012/,1742174100
d0ef3652-7add-4110-a0de-90e4f7f41083,e177bd9f-a6be-4b22-b5e0-7f1a53673220,https://www.imdb.com/title/tt0021749/?ref_=chttp_t_54,City Lights (1931) - Plot Summary - IMDb,https://www.imdb.com/title/tt0021749/plotsummary,1742174100
d0ef3652-7add-4110-a0de-90e4f7f41083,e177bd9f-a6be-4b22-b5e0-7f1a53673220,https://www.imdb.com/title/tt0078788/?ref_=chttp_t_55,Apocalypse Now (1979) - IMDb,https://www.imdb.com/title/tt0078788/,1742174100
d0ef3652-7add-4110-a0de-90e4f7f41083,e177bd9f-a6be-4b22-b5e0-7f1a53673220,https://www.imdb.com/title/tt15239678/?ref_=chttp_t_56,Dune Ending Explained: The Future of Paul Atreides,https://collider.com/dune-movie-ending-explained/,1742174100
d0ef3652-7add-4110-a0de-90e4f7f41083,e177bd9f-a6be-4b22-b5e0-7f1a53673220,https://www.imdb.com/title/tt0209144/?ref_=chttp_t_57,Memento (2000) YIFY - Download Movie TORRENT - YTS,https://yts.mx/movies/memento-2000,1742174100
d0ef3652-7add-4110-a0de-90e4f7f41083,e177bd9f-a6be-4b22-b5e0-7f1a53673220,https://www.imdb.com/title/tt0910970/?ref_=chttp_t_58,WALL·E (2008) - Plot Summary - IMDb,https://www.imdb.com/title/tt0910970/plotsummary,1742174100
d0ef3652-7add-4110-a0de-90e4f7f41083,e177bd9f-a6be-4b22-b5e0-7f1a53673220,https://www.imdb.com/title/tt0082971/?ref_=chttp_t_59,Raiders Of The Lost Ark 1981 123movies - ScreeningFilm.com: 123Movies - Free Movies & TV Series Online.,https://screeningfilm.com/movie/raiders-of-the-lost-ark-1981-123movies/,1742174100
d0ef3652-7add-4110-a0de-90e4f7f41083,e177bd9f-a6be-4b22-b5e0-7f1a53673220,https://www.imdb.com/title/tt0405094/?ref_=chttp_t_60,The Lives of Others (2006) - Plot Summary - IMDb,https://www.imdb.com/title/tt0405094/plotsummary,1742174100
d0ef3652-7add-4110-a0de-90e4f7f41083,ea47dbd2-a725-40e6-a94b-f1fa6e383ecc,https://www.imdb.com/title/tt0245429/?ref_=chttp_t_31,Spirited Away (2001) - IMDb,https://www.imdb.com/title/tt0245429/,1742260140
d0ef3652-7add-4110-a0de-90e4f7f41083,ea47dbd2-a725-40e6-a94b-f1fa6e383ecc,https://www.imdb.com/title/tt0253474/?ref_=chttp_t_32,The Pianist (2002) - Plot Summary - IMDb,https://www.imdb.com/title/tt0253474/plotsummary,1742260140
d0ef3652-7add-4110-a0de-90e4f7f41083,ea47dbd2-a725-40e6-a94b-f1fa6e383ecc,https://www.imdb.com/title/tt0172495/?ref_=chttp_t_33,Gladiator (2000) - IMDb,https://www.imdb.com/title/tt0172495/,1742260140
d0ef3652-7add-4110-a0de-90e4f7f41083,ea47dbd2-a725-40e6-a94b-f1fa6e383ecc,https://www.imdb.com/title/tt6751668/?ref_=chttp_t_34,Parasite: Watch Full Movie Online | DIRECTV,https://www.directv.com/movies/Parasite-RXdHeWxXU0hOSEJScDhRbmtqa1FIZz09,1742260140
d0ef3652-7add-4110-a0de-90e4f7f41083,ea47dbd2-a725-40e6-a94b-f1fa6e383ecc,https://www.imdb.com/title/tt0054215/?ref_=chttp_t_35,Psycho (Film) - TV Tropes,https://tvtropes.org/pmwiki/pmwiki.php/Film/Psycho,1742260140
d0ef3652-7add-4110-a0de-90e4f7f41083,ea47dbd2-a725-40e6-a94b-f1fa6e383ecc,https://www.imdb.com/title/tt0110357/?ref_=chttp_t_36,The Lion King (1994) - Photo Gallery - IMDb,https://www.imdb.com/title/tt0110357/mediaindex?page=3,1742260140
d0ef3652-7add-4110-a0de-90e4f7f41083,ea47dbd2-a725-40e6-a94b-f1fa6e383ecc,https://www.imdb.com/title/tt0095327/?ref_=chttp_t_37,Grave of the Fireflies (1988) Reviews - Metacritic,https://www.metacritic.com/movie/grave-of-the-fireflies-1988,1742260140
d0ef3652-7add-4110-a0de-90e4f7f41083,ea47dbd2-a725-40e6-a94b-f1fa6e383ecc,https://www.imdb.com/title/tt0407887/?ref_=chttp_t_38,The Departed (2006) - Plot Summary - IMDb,https://www.imdb.com/title/tt0407887/plotsummary,1742260140
d0ef3652-7add-4110-a0de-90e4f7f41083,ea47dbd2-a725-40e6-a94b-f1fa6e383ecc,https://www.imdb.com/title/tt2582802/?ref_=chttp_t_39,Whiplash (2014) - Plot Summary - IMDb,https://www.imdb.com/title/tt2582802/plotsummary,1742260140
d0ef3652-7add-4110-a0de-90e4f7f41083,ea47dbd2-a725-40e6-a94b-f1fa6e383ecc,https://www.imdb.com/title/tt0056058/?ref_=chttp_t_40,Harakiri movie review & film summary (1962) | Roger Ebert,https://www.rogerebert.com/reviews/great-movie-harakiri-1962,1742260140
d0ef3652-7add-4110-a0de-90e4f7f41083,ea47dbd2-a725-40e6-a94b-f1fa6e383ecc,https://www.imdb.com/title/tt0120586/?ref_=chttp_t_41,American History X (1998) - Plot Summary - IMDb,https://www.imdb.com/title/tt0120586/plotsummary,1742260140
d0ef3652-7add-4110-a0de-90e4f7f41083,ea47dbd2-a725-40e6-a94b-f1fa6e383ecc,https://www.imdb.com/title/tt0482571/?ref_=chttp_t_42,The Prestige (2006) - Plot Summary - IMDb,https://www.imdb.com/title/tt0482571/plotsummary,1742260140
d0ef3652-7add-4110-a0de-90e4f7f41083,ea47dbd2-a725-40e6-a94b-f1fa6e383ecc,https://www.imdb.com/title/tt0110413/?ref_=chttp_t_43,Léon: The Professional - Wikipedia,https://en.wikipedia.org/wiki/L%C3%A9on:_The_Professional,1742260140
d0ef3652-7add-4110-a0de-90e4f7f41083,ea47dbd2-a725-40e6-a94b-f1fa6e383ecc,https://www.imdb.com/title/tt9362722/?ref_=chttp_t_44,Everything You Need to Know About Spider-Man: Across the Spider-Verse Movie (2023),https://www.movieinsider.com/m17023/spider-man-into-the-spider-verse-2,1742260140
d0ef3652-7add-4110-a0de-90e4f7f41083,ea47dbd2-a725-40e6-a94b-f1fa6e383ecc,https://www.imdb.com/title/tt0034583/?ref_=chttp_t_45,Casablanca (1942) - Photo Gallery - IMDb,https://www.imdb.com/title/tt0034583/mediaindex?page=2,1742260140
d0ef3652-7add-4110-a0de-90e4f7f41083,1188c99c-700a-445c-9d77-a8ca04ca27fd,https://www.amazon.com/OLANLY-Bathroom-Absorbent-Chenille-Non-Slip/dp/B0CFGYFCYL?pd_rd_w=90qYU&content-id=amzn1.sym.62be105c-6487-4e60-b5e1-f41685fe2620&pf_rd_p=62be105c-6487-4e60-b5e1-f41685fe2620&pf_rd_r=6RKN6QCP29TZKWWN20ES&pd_rd_wg=UdNyq&pd_rd_r=528425de-f57b-4a06-ab56-c1ce049ab479&pd_rd_i=B0CFGYFCYL&psc=1&ref_=pd_bap_d_grid_rp_0_1_ec_nped_pd_hp_d_atf_rp_1_t,"Amazon.com: Olanly Luxury Bathroom Rug Mat, Extra Soft and Absorbent Microfiber Bath Rugs, Non-Slip Plush Shaggy Bath Carpet, Machine Wash Dry, Bath Mats for Bathroom Floor, Tub and Shower, 16x24, Grey : Home & Kitchen",https://www.amazon.com/Bathroom-Absorbent-Microfiber-Non-Slip-Machine/dp/B08XZ2KQZR,1742424240
d0ef3652-7add-4110-a0de-90e4f7f41083,1188c99c-700a-445c-9d77-a8ca04ca27fd,https://www.amazon.com/Elvira-Disposable-Biodegradable-Sensitive-Towelettes/dp/B0D8JCD4ZQ?pd_rd_w=90qYU&content-id=amzn1.sym.62be105c-6487-4e60-b5e1-f41685fe2620&pf_rd_p=62be105c-6487-4e60-b5e1-f41685fe2620&pf_rd_r=6RKN6QCP29TZKWWN20ES&pd_rd_wg=UdNyq&pd_rd_r=528425de-f57b-4a06-ab56-c1ce049ab479&pd_rd_i=B0D8JCD4ZQ&psc=1&ref_=pd_bap_d_grid_rp_0_2_cp_t,Amazon.com: disposable face towel,https://www.amazon.com/disposable-face-towel/s?k=disposable+face+towel,1742424240
d0ef3652-7add-4110-a0de-90e4f7f41083,1188c99c-700a-445c-9d77-a8ca04ca27fd,https://www.amazon.com/Angel-Soft%C2%AE-Toilet-Regular-Tissue/dp/B09NW81TH8?pd_rd_w=90qYU&content-id=amzn1.sym.62be105c-6487-4e60-b5e1-f41685fe2620&pf_rd_p=62be105c-6487-4e60-b5e1-f41685fe2620&pf_rd_r=6RKN6QCP29TZKWWN20ES&pd_rd_wg=UdNyq&pd_rd_r=528425de-f57b-4a06-ab56-c1ce049ab479&pd_rd_i=B09NW81TH8&psc=1&ref_=pd_bap_d_grid_rp_0_3_cp_t,"Amazon.com : Angel Soft Toilet Paper, 12 Mega Rolls = 48 Regular Rolls, 425+ 2-Ply Sheets Per Roll : Health & Household",https://www.amazon.com/Angel-Soft-Toilet-Regular-Sheets/dp/B086Y2DJQB,1742424300
d0ef3652-7add-4110-a0de-90e4f7f41083,1188c99c-700a-445c-9d77-a8ca04ca27fd,https://www.amazon.com/Puffs-Lotion-Facial-Tissue-Tissues/dp/B09YKRZR22?pd_rd_w=90qYU&content-id=amzn1.sym.62be105c-6487-4e60-b5e1-f41685fe2620&pf_rd_p=62be105c-6487-4e60-b5e1-f41685fe2620&pf_rd_r=6RKN6QCP29TZKWWN20ES&pd_rd_wg=UdNyq&pd_rd_r=528425de-f57b-4a06-ab56-c1ce049ab479&pd_rd_i=B09YKRZR22&psc=1&ref_=pd_bap_d_grid_rp_0_4_scp_t,"Puffs Plus Lotion Facial Tissues, 10 Family Boxes (132 tissues per Box) : Amazon.ca: Health & Personal Care",https://www.amazon.ca/Puffs-Lotion-Facial-Tissues-tissues/dp/B07Q58LH86,1742424300
d0ef3652-7add-4110-a0de-90e4f7f41083,1188c99c-700a-445c-9d77-a8ca04ca27fd,https://www.amazon.com/Waterdrop-Long-Lasting-Lifetime-Filtration-Fluoride/dp/B081GKX8FF?pd_rd_w=90qYU&content-id=amzn1.sym.62be105c-6487-4e60-b5e1-f41685fe2620&pf_rd_p=62be105c-6487-4e60-b5e1-f41685fe2620&pf_rd_r=6RKN6QCP29TZKWWN20ES&pd_rd_wg=UdNyq&pd_rd_r=528425de-f57b-4a06-ab56-c1ce049ab479&pd_rd_i=B081GKX8FF&psc=1&ref_=pd_bap_d_grid_rp_0_16_pr_t,"Amazon.com: Waterdrop 200-Gallon Long-Life Chubby 10-Cup Water Filter Pitcher with 4 Filters, NSF Certified, 5X Times Lifetime, Reduces Fluoride, Chlorine and More, BPA Free, Blue: Home & Kitchen",https://www.amazon.com/Waterdrop-Long-Lasting-Certified-Lifetime-Filtration/dp/B088T97GMN,1742424300
d0ef3652-7add-4110-a0de-90e4f7f41083,1188c99c-700a-445c-9d77-a8ca04ca27fd,https://www.amazon.com/Scott-Towels-Choose-Sheet-Regular/dp/B0CKK43XXS?pd_rd_w=90qYU&content-id=amzn1.sym.62be105c-6487-4e60-b5e1-f41685fe2620&pf_rd_p=62be105c-6487-4e60-b5e1-f41685fe2620&pf_rd_r=6RKN6QCP29TZKWWN20ES&pd_rd_wg=UdNyq&pd_rd_r=528425de-f57b-4a06-ab56-c1ce049ab479&pd_rd_i=B0CKK43XXS&psc=1&ref_=pd_bap_d_grid_rp_0_8_t,Paper Towels | Scott®,https://www.scottbrand.com/en-us/products/scott-paper-towels,1742424300
d0ef3652-7add-4110-a0de-90e4f7f41083,1188c99c-700a-445c-9d77-a8ca04ca27fd,https://www.amazon.com/365-Everyday-Value-Salt-Fine/dp/B074J7X1DW?pd_rd_w=90qYU&content-id=amzn1.sym.62be105c-6487-4e60-b5e1-f41685fe2620&pf_rd_p=62be105c-6487-4e60-b5e1-f41685fe2620&pf_rd_r=6RKN6QCP29TZKWWN20ES&pd_rd_wg=UdNyq&pd_rd_r=528425de-f57b-4a06-ab56-c1ce049ab479&pd_rd_i=B074J7X1DW&psc=1&ref_=pd_bap_d_grid_rp_0_10_pr_t,"Amazon.com : 365 by Whole Foods Market, Sea Salt Coarse, 24.7 Ounce : Grocery & Gourmet Food",https://www.amazon.com/365-Everyday-Value-Salt-Coarse/dp/B074HC7WGQ,1742424360
d0ef3652-7add-4110-a0de-90e4f7f41083,1188c99c-700a-445c-9d77-a8ca04ca27fd,https://www.amazon.com/Method-Shampoo-Condtioner-Juniper-Ounces/dp/B08Q45QR2G?pd_rd_w=90qYU&content-id=amzn1.sym.62be105c-6487-4e60-b5e1-f41685fe2620&pf_rd_p=62be105c-6487-4e60-b5e1-f41685fe2620&pf_rd_r=6RKN6QCP29TZKWWN20ES&pd_rd_wg=UdNyq&pd_rd_r=528425de-f57b-4a06-ab56-c1ce049ab479&pd_rd_i=B08Q45QR2G&psc=1&ref_=pd_bap_d_grid_rp_0_21_scp_t,Method : Shampoo & Conditioner : Target,https://www.target.com/c/shampoo-conditioner-hair-care-beauty/method/-/N-5xu0gZ5o69b,1742424360
d0ef3652-7add-4110-a0de-90e4f7f41083,1188c99c-700a-445c-9d77-a8ca04ca27fd,https://www.amazon.com/Scotch-Shipping-Packaging-Dispenser-142L/dp/B000MVV6AA?pd_rd_w=90qYU&content-id=amzn1.sym.62be105c-6487-4e60-b5e1-f41685fe2620&pf_rd_p=62be105c-6487-4e60-b5e1-f41685fe2620&pf_rd_r=6RKN6QCP29TZKWWN20ES&pd_rd_wg=UdNyq&pd_rd_r=528425de-f57b-4a06-ab56-c1ce049ab479&pd_rd_i=B000MVV6AA&psc=1&ref_=pd_bap_d_grid_rp_0_13_t,"Scotch® Heavy Duty Shipping Packing Tape with Dispensers, 1.88 x 54.6 yds., Clear, 4 Rolls (3850-4RD) | Staples",https://www.staples.com/Scotch-Heavy-Duty-Shipping-Packing-Tape-1-88-x-54-6-yds-Clear-4-Pack/product_513246,1742424360
d0ef3652-7add-4110-a0de-90e4f7f41083,1188c99c-700a-445c-9d77-a8ca04ca27fd,https://www.amazon.com/Brita-Standard-Replacement-Pitchers-Dispensers/dp/B0000CF98Q?pd_rd_w=90qYU&content-id=amzn1.sym.62be105c-6487-4e60-b5e1-f41685fe2620&pf_rd_p=62be105c-6487-4e60-b5e1-f41685fe2620&pf_rd_r=6RKN6QCP29TZKWWN20ES&pd_rd_wg=UdNyq&pd_rd_r=528425de-f57b-4a06-ab56-c1ce049ab479&pd_rd_i=B0000CF98Q&psc=1&ref_=pd_bap_d_grid_rp_0_14_t,"Brita Standard Water Filter Replacements, BPA Free, 3 Count - Walmart.com",https://www.walmart.com/ip/Brita-Standard-Water-Filter-Replacements-BPA-Free-3-Count/1604723,1742424360
d0ef3652-7add-4110-a0de-90e4f7f41083,1188c99c-700a-445c-9d77-a8ca04ca27fd,https://www.imdb.com/title/tt0137523/?ref_=chttp_t_13,Fight Club (1999) — The Movie Database (TMDB),https://www.themoviedb.org/movie/550-fight-club,1742424600
d0ef3652-7add-4110-a0de-90e4f7f41083,1188c99c-700a-445c-9d77-a8ca04ca27fd,https://www.imdb.com/title/tt0167261/?ref_=chttp_t_12,The Lord of the Rings: The Two Towers (2002) - IMDb,https://www.imdb.com/title/tt0167261/?ref_%3Dref_ext_justwatch,1742424600
d0ef3652-7add-4110-a0de-90e4f7f41083,1188c99c-700a-445c-9d77-a8ca04ca27fd,https://www.imdb.com/title/tt0109830/?ref_=chttp_t_11,Forrest Gump (1994) - Plot Summary - IMDb,https://www.imdb.com/title/tt0109830/plotsummary,1742424600
d0ef3652-7add-4110-a0de-90e4f7f41083,1188c99c-700a-445c-9d77-a8ca04ca27fd,https://www.imdb.com/title/tt0060196/?ref_=chttp_t_10,"The Good, the Bad and the Ugly (1966) - Plot Summary - IMDb",https://www.imdb.com/title/tt0060196/plotsummary,1742424600
d0ef3652-7add-4110-a0de-90e4f7f41083,1188c99c-700a-445c-9d77-a8ca04ca27fd,https://www.imdb.com/title/tt0120737/?ref_=chttp_t_9,The Lord of the Rings: The Fellowship of the Ring (2001) - IMDb,https://www.imdb.com/title/tt0120737/,1742424600
d0ef3652-7add-4110-a0de-90e4f7f41083,1188c99c-700a-445c-9d77-a8ca04ca27fd,https://www.imdb.com/title/tt0110912/?ref_=chttp_t_8,Pulp Fiction (1994) - Plot Summary - IMDb,https://www.imdb.com/title/tt0110912/plotsummary,1742424600
d0ef3652-7add-4110-a0de-90e4f7f41083,1188c99c-700a-445c-9d77-a8ca04ca27fd,https://www.imdb.com/title/tt0468569/?ref_=chttp_t_3,The Dark Knight (2008) - Gary Oldman as Gordon - IMDb,https://www.imdb.com/title/tt0468569/characters/nm0000198,1742424600
d0ef3652-7add-4110-a0de-90e4f7f41083,1188c99c-700a-445c-9d77-a8ca04ca27fd,https://www.imdb.com/title/tt0167260/?ref_=chttp_t_6,The Lord of the Rings: The Return of the King (2003) - IMDb,https://www.imdb.com/title/tt0167260/,1742424600
d0ef3652-7add-4110-a0de-90e4f7f41083,1188c99c-700a-445c-9d77-a8ca04ca27fd,https://www.imdb.com/title/tt0050083/?ref_=chttp_t_5,12 Angry Men (1957) - Plot Summary - IMDb,https://www.imdb.com/title/tt0050083/plotsummary,1742424600
d0ef3652-7add-4110-a0de-90e4f7f41083,1188c99c-700a-445c-9d77-a8ca04ca27fd,https://www.imdb.com/title/tt0071562/?ref_=chttp_t_4,The Godfather: Part II (1974) - Plot Summary - IMDb,https://www.imdb.com/title/tt0071562/plotsummary,1742424600
d0ef3652-7add-4110-a0de-90e4f7f41083,1188c99c-700a-445c-9d77-a8ca04ca27fd,https://www.imdb.com/title/tt1375666/?ref_=chttp_t_14,Inception (2010) - Plot Summary - IMDb,https://www.imdb.com/title/tt1375666/plotsummary,1742424600
d0ef3652-7add-4110-a0de-90e4f7f41083,1188c99c-700a-445c-9d77-a8ca04ca27fd,https://www.imdb.com/title/tt0068646/?ref_=chttp_t_2,The Godfather 1972 123movies - ScreeningFilm.com: 123Movies - Free Movies & TV Series Online.,https://screeningfilm.com/movie/the-godfather-1972-123movies/,1742424600
d0ef3652-7add-4110-a0de-90e4f7f41083,1188c99c-700a-445c-9d77-a8ca04ca27fd,https://www.imdb.com/title/tt0111161/?ref_=chttp_t_1,The Shawshank Redemption (1994) - Plot Summary - IMDb,https://www.imdb.com/title/tt0111161/plotsummary,1742424600
d0ef3652-7add-4110-a0de-90e4f7f41083,1188c99c-700a-445c-9d77-a8ca04ca27fd,https://www.imdb.com/title/tt0108052/?ref_=chttp_t_7,Schindlers List (1993) - IMDb,https://www.imdb.com/title/tt0108052/,1742424600
d0ef3652-7add-4110-a0de-90e4f7f41083,1188c99c-700a-445c-9d77-a8ca04ca27fd,https://www.imdb.com/title/tt0080684/?ref_=chttp_t_15,Star Wars: Episode V - The Empire Strikes Back (1980) - IMDb,https://www.imdb.com/title/tt0080684/?ref_%3Dnv_sr_1?ref_%3Dnv_sr_1/,1742424600
d0ef3652-7add-4110-a0de-90e4f7f41083,a71cd62e-7e8f-434a-9174-33044eaae02d,https://www.imdb.com/title/tt0133093/?ref_=chttp_t_16,The Matrix (1999) - Plot Summary - IMDb,https://www.imdb.com/title/tt0133093/plotsummary,1742432940
d0ef3652-7add-4110-a0de-90e4f7f41083,a71cd62e-7e8f-434a-9174-33044eaae02d,https://www.imdb.com/title/tt0099685/?ref_=chttp_t_17,Goodfellas (1990) - Plot Summary - IMDb,https://www.imdb.com/title/tt0099685/plotsummary,1742432940
d0ef3652-7add-4110-a0de-90e4f7f41083,a71cd62e-7e8f-434a-9174-33044eaae02d,https://www.imdb.com/title/tt0073486/?ref_=chttp_t_18,One Flew Over the Cuckoo’s Nest | HDOnline,https://hdonline.co/movie/one-flew-over-the-cuckoos-nest/,1742432940
d0ef3652-7add-4110-a0de-90e4f7f41083,a71cd62e-7e8f-434a-9174-33044eaae02d,https://www.imdb.com/title/tt0816692/?ref_=chttp_t_19,Interstellar (2014) - Plot Summary - IMDb,https://www.imdb.com/title/tt0816692/plotsummary,1742432940
d0ef3652-7add-4110-a0de-90e4f7f41083,a71cd62e-7e8f-434a-9174-33044eaae02d,https://www.imdb.com/title/tt0114369/?ref_=chttp_t_20,Prime Video: Se7en,https://www.primevideo.com/detail/Se7en/0L48VDCB5FEM75A8HW3AHY11JN,1742432940
d0ef3652-7add-4110-a0de-90e4f7f41083,a71cd62e-7e8f-434a-9174-33044eaae02d,https://www.imdb.com/title/tt0038650/?ref_=chttp_t_21,Its a Wonderful Life (1946) - IMDb,https://www.imdb.com/title/tt0038650/,1742432940
d0ef3652-7add-4110-a0de-90e4f7f41083,a71cd62e-7e8f-434a-9174-33044eaae02d,https://www.imdb.com/title/tt0047478/?ref_=chttp_t_22,Seven Samurai (1954) - Plot Summary - IMDb,https://www.imdb.com/title/tt0047478/plotsummary,1742432940
d0ef3652-7add-4110-a0de-90e4f7f41083,a71cd62e-7e8f-434a-9174-33044eaae02d,https://www.imdb.com/title/tt0120815/?ref_=chttp_t_24,Saving Private Ryan,https://elcentro.navylifesw.com/programs/3ce21cb9-c8ef-4a36-9485-6f0a90007065/movie/5e66e179-b52d-415f-8a4a-b66838d6b225,1742432940
d0ef3652-7add-4110-a0de-90e4f7f41083,a71cd62e-7e8f-434a-9174-33044eaae02d,https://www.imdb.com/title/tt0102926/?ref_=chttp_t_23,The Silence of the Lambs (1991) - Plot Summary - IMDb,https://www.imdb.com/title/tt0102926/plotsummary,1742432940
d0ef3652-7add-4110-a0de-90e4f7f41083,a71cd62e-7e8f-434a-9174-33044eaae02d,https://www.imdb.com/title/tt0317248/?ref_=chttp_t_25,City of God (2002) - Plot Summary - IMDb,https://www.imdb.com/title/tt0317248/plotsummary,1742432940
d0ef3652-7add-4110-a0de-90e4f7f41083,a71cd62e-7e8f-434a-9174-33044eaae02d,https://www.imdb.com/title/tt0120689/?ref_=chttp_t_26,123movies Watch The Green Mile Online | Watch Full HD Movie The Green Mile (1999) Online For Free 123movies,https://ww2.0123movies.live/movie/the-green-mile,1742432940
d0ef3652-7add-4110-a0de-90e4f7f41083,a71cd62e-7e8f-434a-9174-33044eaae02d,https://www.imdb.com/title/tt0118799/?ref_=chttp_t_27,Life Is Beautiful (1997) Full Movie - video Dailymotion,https://www.dailymotion.com/video/x2wpo1d,1742432940
d0ef3652-7add-4110-a0de-90e4f7f41083,a71cd62e-7e8f-434a-9174-33044eaae02d,https://www.imdb.com/title/tt0103064/?ref_=chttp_t_28,Terminator 2: Judgment Day (1991) - Plot Summary - IMDb,https://www.imdb.com/title/tt0103064/plotsummary,1742432940
d0ef3652-7add-4110-a0de-90e4f7f41083,a71cd62e-7e8f-434a-9174-33044eaae02d,https://www.imdb.com/title/tt0076759/?ref_=chttp_t_29,Star Wars (1977) movie posters,https://www.movieposterdb.com/star-wars-i76759,1742432940
d0ef3652-7add-4110-a0de-90e4f7f41083,a71cd62e-7e8f-434a-9174-33044eaae02d,https://www.imdb.com/title/tt0088763/?ref_=chttp_t_30,Back to the Future (1985) - IMDb,https://www.imdb.com/title/tt0088763/,1742432940
e1b6d58d-aafa-4622-9e58-7dea50003d27,10289ca3-bd4d-43cb-adcd-d83fe278da88,https://www.youtube.com/watch?v=xvGYydEoY_g,Amazon.com: shortcut,https://www.amazon.com/shortcut/s?k=shortcut,1739344980
e1b6d58d-aafa-4622-9e58-7dea50003d27,10289ca3-bd4d-43cb-adcd-d83fe278da88,https://www.youtube.com/watch?v=xvGYydEoY_g,Cracked - YouTube,https://www.youtube.com/c/cracked/videos,1739344980
e1b6d58d-aafa-4622-9e58-7dea50003d27,10289ca3-bd4d-43cb-adcd-d83fe278da88,https://www.youtube.com/watch?v=YSMWN8VpY6A,5 Reasons Why Singapore Is So Rich (& How Rich Is It?),https://smartwealth.sg/why-is-singapore-so-rich/,1739359440
e1b6d58d-aafa-4622-9e58-7dea50003d27,10289ca3-bd4d-43cb-adcd-d83fe278da88,https://www.youtube.com/watch?v=YSMWN8VpY6A,How Real Is Crazy Rich Asians? We Separate Fact From Fiction Before You Visit Singapore,https://thesmartlocal.com/read/crazy-rich-asians-fact-fiction/,1739359440
e1b6d58d-aafa-4622-9e58-7dea50003d27,10289ca3-bd4d-43cb-adcd-d83fe278da88,https://www.youtube.com/watch?v=FMgraHfrw_o,JioNews,http://jionewsapi.media.jio.com/,1739359680
e1b6d58d-aafa-4622-9e58-7dea50003d27,10289ca3-bd4d-43cb-adcd-d83fe278da88,https://www.youtube.com/watch?v=FMgraHfrw_o,hmm,https://marine.hmm21.com/,1739359680
e1b6d58d-aafa-4622-9e58-7dea50003d27,10289ca3-bd4d-43cb-adcd-d83fe278da88,https://www.youtube.com/watch?v=DPoZB5kRdj0,YouTube,https://www.youtube.com/watch?v=py_uEHL-la4,1739363040
e1b6d58d-aafa-4622-9e58-7dea50003d27,10289ca3-bd4d-43cb-adcd-d83fe278da88,https://www.youtube.com/watch?v=DPoZB5kRdj0,YouTube,https://www.youtube.com/watch?v=Av3HDygZzlU,1739363040
e1b6d58d-aafa-4622-9e58-7dea50003d27,10289ca3-bd4d-43cb-adcd-d83fe278da88,https://www.youtube.com/watch?v=9tvkYS5cA58,Shameless Season 1 - watch full episodes streaming online,https://www.justwatch.com/ca/tv-show/shameless/season-1,1739364420
e1b6d58d-aafa-4622-9e58-7dea50003d27,10289ca3-bd4d-43cb-adcd-d83fe278da88,https://www.youtube.com/watch?v=9tvkYS5cA58,Shameless Season 1 - watch full episodes streaming online,https://www.justwatch.com/ca/tv-show/shameless/season-1,1739364420
e1b6d58d-aafa-4622-9e58-7dea50003d27,10289ca3-bd4d-43cb-adcd-d83fe278da88,https://www.youtube.com/watch?v=E6AjBSFF0mw,LUXURY APARTMENT TOUR - New York - YouTube,https://www.youtube.com/watch?v=78AtEaiEZd4,1739367780
e1b6d58d-aafa-4622-9e58-7dea50003d27,10289ca3-bd4d-43cb-adcd-d83fe278da88,https://www.youtube.com/watch?v=E6AjBSFF0mw,LUXURY APARTMENT TOUR - New York - YouTube,https://www.youtube.com/watch?v=78AtEaiEZd4,1739367780
e1b6d58d-aafa-4622-9e58-7dea50003d27,10289ca3-bd4d-43cb-adcd-d83fe278da88,https://www.youtube.com/watch?v=fnUkep1pwb4,Jack Hoffman (@jackinworld) / Twitter,https://twitter.com/jackinworld,1739368620
e1b6d58d-aafa-4622-9e58-7dea50003d27,10289ca3-bd4d-43cb-adcd-d83fe278da88,https://www.youtube.com/watch?v=fnUkep1pwb4,WIRED Videos,https://www.wired.com/video,1739368620
e1b6d58d-aafa-4622-9e58-7dea50003d27,10289ca3-bd4d-43cb-adcd-d83fe278da88,https://www.youtube.com/watch?v=bV0RAcuG2Ao,Billy & Max SCENES | Stranger Things [HD] - YouTube,https://www.youtube.com/watch?v=PPgwHXcxDj0,1739370480
e1b6d58d-aafa-4622-9e58-7dea50003d27,10289ca3-bd4d-43cb-adcd-d83fe278da88,https://www.youtube.com/watch?v=bV0RAcuG2Ao,Billy & Max SCENES | Stranger Things [HD] - YouTube,https://www.youtube.com/watch?v=PPgwHXcxDj0,1739370480
e1b6d58d-aafa-4622-9e58-7dea50003d27,10289ca3-bd4d-43cb-adcd-d83fe278da88,https://www.youtube.com/watch?v=qtydugIWkHs,tonight the music sings so loud - YouTube,https://www.youtube.com/watch?v=Z9eh3RmCi3w,1739374680
e1b6d58d-aafa-4622-9e58-7dea50003d27,10289ca3-bd4d-43cb-adcd-d83fe278da88,https://www.youtube.com/watch?v=qtydugIWkHs,tonight the music sings so loud - YouTube,https://www.youtube.com/watch?v=Z9eh3RmCi3w,1739374680
e1b6d58d-aafa-4622-9e58-7dea50003d27,10289ca3-bd4d-43cb-adcd-d83fe278da88,https://www.youtube.com/watch?v=nsXQijb0F4I,"‎New Gods: Nezha Reborn (2021) directed by Zhao Ji • Reviews, film + cast • Letterboxd",https://letterboxd.com/film/new-gods-nezha-reborn/,1739388000
e1b6d58d-aafa-4622-9e58-7dea50003d27,10289ca3-bd4d-43cb-adcd-d83fe278da88,https://www.youtube.com/watch?v=nsXQijb0F4I,"‎New Gods: Nezha Reborn (2021) directed by Zhao Ji • Reviews, film + cast • Letterboxd",https://letterboxd.com/film/new-gods-nezha-reborn/,1739388000
e1b6d58d-aafa-4622-9e58-7dea50003d27,10289ca3-bd4d-43cb-adcd-d83fe278da88,https://www.youtube.com/watch?v=u-YGV5xt-jk,Closer - YouTube Music,https://music.youtube.com/watch?v=r7zTKRonHXM,1739388240
e1b6d58d-aafa-4622-9e58-7dea50003d27,10289ca3-bd4d-43cb-adcd-d83fe278da88,https://www.youtube.com/watch?v=u-YGV5xt-jk,JioNews,http://jionewsapi.media.jio.com/,1739388240
e1b6d58d-aafa-4622-9e58-7dea50003d27,10289ca3-bd4d-43cb-adcd-d83fe278da88,https://www.youtube.com/watch?v=n2zX65N6sQk,Shut up and dance : blackmirror,https://www.reddit.com/r/blackmirror/comments/f3irdy/shut_up_and_dance/,1739388600
e1b6d58d-aafa-4622-9e58-7dea50003d27,10289ca3-bd4d-43cb-adcd-d83fe278da88,https://www.youtube.com/watch?v=n2zX65N6sQk,Toy Story - The Claw - YouTube,https://www.youtube.com/watch?v=N-Esh4W3dfI,1739388600
e1b6d58d-aafa-4622-9e58-7dea50003d27,10289ca3-bd4d-43cb-adcd-d83fe278da88,https://www.youtube.com/watch?v=GmLOXcfv_mY,Ne Zha | HDOnline,https://hdonline.co/movie/ne-zha/,1739391600
e1b6d58d-aafa-4622-9e58-7dea50003d27,10289ca3-bd4d-43cb-adcd-d83fe278da88,https://www.youtube.com/watch?v=GmLOXcfv_mY,Ne Zha | HDOnline,https://hdonline.co/movie/ne-zha/,1739391600
e1b6d58d-aafa-4622-9e58-7dea50003d27,10289ca3-bd4d-43cb-adcd-d83fe278da88,https://www.youtube.com/watch?v=fdz_cabS9BU,Direct Shop Elite,http://directshopelite.com/,1739401920
e1b6d58d-aafa-4622-9e58-7dea50003d27,10289ca3-bd4d-43cb-adcd-d83fe278da88,https://www.youtube.com/watch?v=fdz_cabS9BU,Direct Shop Elite,http://directshopelite.com/,1739401920
e1b6d58d-aafa-4622-9e58-7dea50003d27,10289ca3-bd4d-43cb-adcd-d83fe278da88,https://www.youtube.com/watch?v=8VMF2hv0fMg,Jackson Wang  - Jackson Wang lyrics | MyAsianArtist,https://myasianartist.com/lyrics/jackson-wang/jackson-wang,1739404140
e1b6d58d-aafa-4622-9e58-7dea50003d27,10289ca3-bd4d-43cb-adcd-d83fe278da88,https://www.youtube.com/watch?v=8VMF2hv0fMg,Jackson Wang  - Jackson Wang lyrics | MyAsianArtist,https://myasianartist.com/lyrics/jackson-wang/jackson-wang,1739404140
e1b6d58d-aafa-4622-9e58-7dea50003d27,b549071f-1dcb-402c-be61-fae452a6a096,https://www.youtube.com/watch?v=syFZfO_wfMQ,One Direction - Night Changes (Audio) - YouTube,https://www.youtube.com/watch?v=UM3389FUnKo,1740615120
e1b6d58d-aafa-4622-9e58-7dea50003d27,b549071f-1dcb-402c-be61-fae452a6a096,https://www.youtube.com/watch?v=-CmadmM5cOk,Style - YouTube,https://www.youtube.com/watch?v=giPa88XuMus,1740616200
e1b6d58d-aafa-4622-9e58-7dea50003d27,b549071f-1dcb-402c-be61-fae452a6a096,https://www.youtube.com/watch?v=Zlot0i3Zykw,Taylor Swift-Red (Taylors Version) (2021) [24Bit-FLAC/分轨/320K/MP3]－极品下载论坛 -  Powered by Discuz! Archiver,http://down512.com/archiver/?tid-60115.html,1740616560
e1b6d58d-aafa-4622-9e58-7dea50003d27,b549071f-1dcb-402c-be61-fae452a6a096,https://www.youtube.com/watch?v=725WlG1idPc,Love Me Like You Do_Ellie Goulding_高音质在线试听_Love Me Like You Do歌词|歌曲下载_酷狗音乐,https://www.kugou.com/song/4n8qia8.html,1740618720
e1b6d58d-aafa-4622-9e58-7dea50003d27,b549071f-1dcb-402c-be61-fae452a6a096,https://www.youtube.com/watch?v=m4iPSPoe1Y8,See You Again (feat. Charlie Puth) - YouTube Music,https://music.youtube.com/watch?v=xl8thVrlvjI,1740623400
e1b6d58d-aafa-4622-9e58-7dea50003d27,b549071f-1dcb-402c-be61-fae452a6a096,https://www.youtube.com/watch?v=QLCpqdqeoII,YouTube,https://www.youtube.com/watch?v=HrRpBlarxmw,1740644340
e1b6d58d-aafa-4622-9e58-7dea50003d27,b549071f-1dcb-402c-be61-fae452a6a096,https://www.youtube.com/watch?v=9qnqYL0eNNI,YouTube,https://www.youtube.com/feed/history?query=,1740644400
e1b6d58d-aafa-4622-9e58-7dea50003d27,b549071f-1dcb-402c-be61-fae452a6a096,https://www.youtube.com/watch?v=owTWCbq_nSk,Solve Statics Problems. ☝ Apr 2022,http://essayservice2022.info/solve-statics-problems/,1740647520
e1b6d58d-aafa-4622-9e58-7dea50003d27,b549071f-1dcb-402c-be61-fae452a6a096,https://www.youtube.com/watch?v=Pj-Q9vx0EeQ,27 Fun Facts About Coldplay - The Fact Site,https://www.thefactsite.com/30-facts-about-coldplay/,1740650220
e1b6d58d-aafa-4622-9e58-7dea50003d27,b549071f-1dcb-402c-be61-fae452a6a096,https://www.youtube.com/watch?v=60ItHLz5WEA,Alan Walker - Faded - YouTube Music,https://music.youtube.com/watch?v=60ItHLz5WEA&list=RDAMVM60ItHLz5WEA,1740683520
e1b6d58d-aafa-4622-9e58-7dea50003d27,b549071f-1dcb-402c-be61-fae452a6a096,https://www.youtube.com/watch?v=hT_nvWreIhg,OneRepublic YouTube Statistics and History,https://kworb.net/youtube/artist/onerepublic.html,1740687120
e1b6d58d-aafa-4622-9e58-7dea50003d27,b549071f-1dcb-402c-be61-fae452a6a096,https://www.youtube.com/watch?v=dvgZkm1xWPE,Coldplay - Viva La Vida - YouTube,https://www.youtube.com/watch?v=9MpO8lw_Rj4,1740697920
e1b6d58d-aafa-4622-9e58-7dea50003d27,b549071f-1dcb-402c-be61-fae452a6a096,https://www.youtube.com/watch?v=kM-94LhhQTs,Coldplay - Fix You (Official Video) - YouTube Music,https://music.youtube.com/watch?v=k4V3Mo61fJM,1740699000
e1b6d58d-aafa-4622-9e58-7dea50003d27,b549071f-1dcb-402c-be61-fae452a6a096,https://www.youtube.com/watch?v=60g72d4Nqss,BTS Cover Coldplays Fix You on MTV Unplugged - Rolling Stone,https://www.rollingstone.com/music/music-news/bts-fix-you-coldplay-who-originally-wrote-1132681/,1740700020
e1b6d58d-aafa-4622-9e58-7dea50003d27,b549071f-1dcb-402c-be61-fae452a6a096,https://www.youtube.com/watch?v=F2RnxZnubCM,Titanic - Celine Dion - My Heart Will Go On (video).mp4 - YouTube,https://www.youtube.com/watch?v=BF73OcIp4Ps,1740700740
e1b6d58d-aafa-4622-9e58-7dea50003d27,978bb71e-36bf-42c0-9e18-be0b2f689318,https://www.youtube.com/watch?v=2Vv-BfVoq4g,Ed Sheeran - Perfect (Official Music Video) - YouTube,https://www.youtube.com/watch?v=2Vv-BfVoq4g,1741801500
e1b6d58d-aafa-4622-9e58-7dea50003d27,978bb71e-36bf-42c0-9e18-be0b2f689318,https://www.youtube.com/watch?v=k4V3Mo61fJM,Coldplay - Fix You (Official Video) - YouTube Music,https://music.youtube.com/watch?v=k4V3Mo61fJM,1741806720
e1b6d58d-aafa-4622-9e58-7dea50003d27,978bb71e-36bf-42c0-9e18-be0b2f689318,https://www.youtube.com/watch?v=DDWKuo3gXMQ,"Adele: ‘When We Were Young’ Live Video & Lyrics – Watch Now! | Adele, First Listen, Music : Just Jared",https://www.justjared.com/2015/11/17/adele-when-we-were-young-live-video-lyrics-watch-now/,1741806900
e1b6d58d-aafa-4622-9e58-7dea50003d27,978bb71e-36bf-42c0-9e18-be0b2f689318,https://www.youtube.com/watch?v=hLQl3WQQoQ0,ALMOST CRIED!| Adele - Someone Like You (Official Music Video) REACTION - YouTube,https://www.youtube.com/watch?v=mueleSxfCkU,1741807200
e1b6d58d-aafa-4622-9e58-7dea50003d27,978bb71e-36bf-42c0-9e18-be0b2f689318,https://www.youtube.com/watch?v=YQHsXMglC9A,Adele - Hello - YouTube,https://www.youtube.com/watch?v=YQHsXMglC9A,1741807680
e1b6d58d-aafa-4622-9e58-7dea50003d27,978bb71e-36bf-42c0-9e18-be0b2f689318,https://www.youtube.com/watch?v=U3ASj1L6_sY,Adele - Easy On Me (Official Video) - YouTube Music,https://music.youtube.com/watch?v=U3ASj1L6_sY,1741808040
e1b6d58d-aafa-4622-9e58-7dea50003d27,978bb71e-36bf-42c0-9e18-be0b2f689318,https://www.youtube.com/watch?v=3AtDnEC4zak,Charlie Puth - We Dont Talk Anymore (feat. Selena Gomez) [Official Video] - YouTube,https://www.youtube.com/watch?v=3AtDnEC4zak,1741808160
e1b6d58d-aafa-4622-9e58-7dea50003d27,978bb71e-36bf-42c0-9e18-be0b2f689318,https://www.youtube.com/watch?v=nfs8NYg7yQM,Attention - Charlie Puth (Lyrics) - YouTube,https://www.youtube.com/watch?v=5gBeLN2Jkng,1741808760
e1b6d58d-aafa-4622-9e58-7dea50003d27,978bb71e-36bf-42c0-9e18-be0b2f689318,https://www.youtube.com/watch?v=lY2yjAdbvdQ,Shawn Mendes - Treat You Better (Lyrics) - YouTube,https://www.youtube.com/watch?v=V69LeK7maA0,1741810320
e1b6d58d-aafa-4622-9e58-7dea50003d27,978bb71e-36bf-42c0-9e18-be0b2f689318,https://www.youtube.com/watch?v=SR6iYWJxHqs,Bruno Mars - Grenade (Lyrics) - YouTube,https://www.youtube.com/watch?v=UFQGgJmjQYk,1741810980
e1b6d58d-aafa-4622-9e58-7dea50003d27,978bb71e-36bf-42c0-9e18-be0b2f689318,https://www.youtube.com/watch?v=PIh2xe4jnpk,YouTube,https://www.youtube.com/watch?v=yyYCc8esbKs,1741812960
e1b6d58d-aafa-4622-9e58-7dea50003d27,978bb71e-36bf-42c0-9e18-be0b2f689318,https://www.youtube.com/watch?v=1G4isv_Fylg,Paradise (Coldplay song) - Wikipedia,https://en.wikipedia.org/wiki/Paradise_(Coldplay_song),1741813920
e1b6d58d-aafa-4622-9e58-7dea50003d27,978bb71e-36bf-42c0-9e18-be0b2f689318,https://www.youtube.com/watch?v=09R8_2nJtjg,Maroon 5 - Sugar (Official Music Video) - YouTube Music,https://music.youtube.com/watch?v=09R8_2nJtjg&list=RDAMVM09R8_2nJtjg,1741818840
e1b6d58d-aafa-4622-9e58-7dea50003d27,978bb71e-36bf-42c0-9e18-be0b2f689318,https://www.youtube.com/watch?v=nSDgHBxUbVQ,Photograph - Ed Sheeran (Lyrics) - YouTube,https://www.youtube.com/watch?v=qgmXPCX4VzU,1741820160
e1b6d58d-aafa-4622-9e58-7dea50003d27,978bb71e-36bf-42c0-9e18-be0b2f689318,https://www.youtube.com/watch?v=QUwxKWT6m7U,Taylor Swift - Back To December - YouTube,https://www.youtube.com/watch?v=QUwxKWT6m7U,1741823940
e1b6d58d-aafa-4622-9e58-7dea50003d27,7b62b47c-e386-4ae3-a183-22a9cc003ea3,https://www.youtube.com/watch?v=obn0DP27lQA,Jackson Wang - (Papillon) JOURNEY328 is a (Rehearsal) - YouTube,https://www.youtube.com/watch?v=tW7tpYPhk30,1741829340
e1b6d58d-aafa-4622-9e58-7dea50003d27,7b62b47c-e386-4ae3-a183-22a9cc003ea3,https://www.youtube.com/watch?v=eCRVoXbkHnw,Comment: The future of work (from home?) | Evening Standard,https://www.standard.co.uk/comment/comment/work-from-home-covid-future-offices-wfh-future-hybrid-b941130.html,1741833000
e1b6d58d-aafa-4622-9e58-7dea50003d27,7b62b47c-e386-4ae3-a183-22a9cc003ea3,https://www.youtube.com/watch?v=QACGoKb48_0,Inside the Fall of Bear Stearns - WSJ,https://www.wsj.com/articles/SB124182740622102431,1741850640
e1b6d58d-aafa-4622-9e58-7dea50003d27,7b62b47c-e386-4ae3-a183-22a9cc003ea3,https://www.youtube.com/watch?v=206xGiC-IYs,Why Starbucks is suddenly struggling,https://www.restaurantbusinessonline.com/financing/why-starbucks-suddenly-struggling,1741853880
e1b6d58d-aafa-4622-9e58-7dea50003d27,7b62b47c-e386-4ae3-a183-22a9cc003ea3,https://www.youtube.com/watch?v=9WjPJQYoT8I,Emily Blunt Network • Your online fan resource for Emily Blunt,https://emilyblunt.org/,1741857120
e1b6d58d-aafa-4622-9e58-7dea50003d27,7b62b47c-e386-4ae3-a183-22a9cc003ea3,https://www.youtube.com/watch?v=VronettmNRI,Ariana Grande - Positions [Deluxe Edition] - Music,https://www.amazon.com/Positions-Deluxe-Ariana-Grande/dp/B08WZCV9BL,1741860240
e1b6d58d-aafa-4622-9e58-7dea50003d27,7b62b47c-e386-4ae3-a183-22a9cc003ea3,https://www.youtube.com/watch?v=p18BzD5Fs9E,6 Reasons Why Uniqlo Is Winning,https://www.prophet.com/2014/10/6-reasons-why-uniqlo-is-winning/,1741868580
e1b6d58d-aafa-4622-9e58-7dea50003d27,7b62b47c-e386-4ae3-a183-22a9cc003ea3,https://www.youtube.com/watch?v=pvPsJFRGleA,Justin Bieber - Holy ft. Chance the Rapper (Lyric Video) - YouTube,https://www.youtube.com/watch?v=qaq0nNXy0ak,1741869780
e1b6d58d-aafa-4622-9e58-7dea50003d27,7b62b47c-e386-4ae3-a183-22a9cc003ea3,https://www.youtube.com/watch?v=v3azSDnBWIc,Justin Bieber - Justice (Official Live Performances) | Vevo - YouTube,https://www.youtube.com/watch?v=v3azSDnBWIc,1741890240
e1b6d58d-aafa-4622-9e58-7dea50003d27,7b62b47c-e386-4ae3-a183-22a9cc003ea3,https://www.youtube.com/watch?v=_VRftrfzrvc,Jackson Wang discography - Wikipedia,https://en.wikipedia.org/wiki/Jackson_Wang_discography,1741893660
e1b6d58d-aafa-4622-9e58-7dea50003d27,7b62b47c-e386-4ae3-a183-22a9cc003ea3,https://www.youtube.com/watch?v=yKNxeF4KMsY,Coldplay - Yellow (Acoustic) (HD) - YouTube,https://www.youtube.com/watch?v=ULxAN7SUfzo,1741894320
e1b6d58d-aafa-4622-9e58-7dea50003d27,7b62b47c-e386-4ae3-a183-22a9cc003ea3,https://www.youtube.com/watch?v=DLZ9P9OHm5Y,The Whisper Challenge with Margot Robbie - YouTube,https://www.youtube.com/watch?v=VDGStTPgwkc,1741897920
e1b6d58d-aafa-4622-9e58-7dea50003d27,7b62b47c-e386-4ae3-a183-22a9cc003ea3,https://www.youtube.com/watch?v=22z9jvY3lWY,"Air Force embraces former software chief who quit, warned China is winning AI competition - Washington Times",https://www.washingtontimes.com/news/2021/oct/13/air-force-embraces-former-software-chief-who-quit-/,1741898700
e1b6d58d-aafa-4622-9e58-7dea50003d27,7b62b47c-e386-4ae3-a183-22a9cc003ea3,https://www.youtube.com/watch?v=Zs__y8N06TY,Kyle Griffin (@kylegriffin1) / Twitter,https://twitter.com/kylegriffin1,1741899360
e1b6d58d-aafa-4622-9e58-7dea50003d27,f1be6a38-eb6e-45a3-88a6-89bb54783058,https://www.youtube.com/watch?v=OIEwQUgQnIM,"Why Aomori, Japan is the World’s Snowiest City - Videos from The Weather Channel | weather.com",https://weather.com/news/weather/video/why-aomori-japan-is-the-worlds-snowiest-city,1742347440
e1b6d58d-aafa-4622-9e58-7dea50003d27,f1be6a38-eb6e-45a3-88a6-89bb54783058,https://www.youtube.com/watch?v=XToK00VcBI8,Solve Statics Problems. ☝ Apr 2022,http://essayservice2022.info/solve-statics-problems/,1742347440
e1b6d58d-aafa-4622-9e58-7dea50003d27,f1be6a38-eb6e-45a3-88a6-89bb54783058,https://www.youtube.com/watch?v=inTtl86dCVU,The Naked Marriage with Dave & Ashley Willis on Apple Podcasts,https://podcasts.apple.com/us/podcast/the-naked-marriage-with-dave-ashley-willis/id1437213097,1742347500
e1b6d58d-aafa-4622-9e58-7dea50003d27,f1be6a38-eb6e-45a3-88a6-89bb54783058,https://www.youtube.com/watch?v=mx9Npfwf8xQ&list=PLgFC_SXvt6Lk4qThY0Wg3p-ehQXKq2lEr,周杰伦 (Jay Chou) - 安静 (Silence) (Chinese/Pinyin/Eng Sub) - YouTube,https://www.youtube.com/watch?v=waK_iZVSJX0,1742347800
e1b6d58d-aafa-4622-9e58-7dea50003d27,f1be6a38-eb6e-45a3-88a6-89bb54783058,https://www.youtube.com/watch?v=DGQm5tbpUyE&list=PLgFC_SXvt6Lk4qThY0Wg3p-ehQXKq2lEr&index=2,周杰倫 Jay Chou - YouTube,https://www.youtube.com/channel/UC8CU5nVhCQIdAGrFFp4loOQ,1742349000
e1b6d58d-aafa-4622-9e58-7dea50003d27,f1be6a38-eb6e-45a3-88a6-89bb54783058,https://www.youtube.com/watch?v=VYt-6l-p4SM&list=PLgFC_SXvt6Lk4qThY0Wg3p-ehQXKq2lEr&index=3,Top 10 Classic Songs of Jay Chou | ChinaWhisper,https://www.chinawhisper.com/top-10-classic-songs-of-jay-chou/,1742351040
e1b6d58d-aafa-4622-9e58-7dea50003d27,f1be6a38-eb6e-45a3-88a6-89bb54783058,https://www.youtube.com/watch?v=e2-hyMc3l-E,JTBC Drama - YouTube,https://www.youtube.com/channel/UCkbJc8jMcTXwhtmN5VMwfXg,1742351400
e1b6d58d-aafa-4622-9e58-7dea50003d27,f1be6a38-eb6e-45a3-88a6-89bb54783058,https://www.youtube.com/watch?v=swcUvjpW0MM&list=PLgFC_SXvt6Lk4qThY0Wg3p-ehQXKq2lEr&index=4,"周杰倫 Albums: songs, discography, biography, and listening guide - Rate Your Music",https://rateyourmusic.com/artist/%E5%91%A8%E6%9D%B0%E5%80%AB,1742354640
e1b6d58d-aafa-4622-9e58-7dea50003d27,f1be6a38-eb6e-45a3-88a6-89bb54783058,https://www.youtube.com/watch?v=MTQ01oJGMT4,Zermatt Holidays 2022 / 2023 | TUI.co.uk,https://www.tui.co.uk/destinations/europe/switzerland/zermatt/holidays-zermatt.html,1742358240
e1b6d58d-aafa-4622-9e58-7dea50003d27,f1be6a38-eb6e-45a3-88a6-89bb54783058,https://www.youtube.com/watch?v=lCa9uX6IpfM,JioNews,http://jionewsapi.media.jio.com/,1742358600
e1b6d58d-aafa-4622-9e58-7dea50003d27,f1be6a38-eb6e-45a3-88a6-89bb54783058,https://www.youtube.com/watch?v=lCa9uX6IpfM,JioNews,http://jionewsapi.media.jio.com/,1742358600
e1b6d58d-aafa-4622-9e58-7dea50003d27,f1be6a38-eb6e-45a3-88a6-89bb54783058,https://www.youtube.com/watch?v=wDfqXR_5yyQ,아이유(IU) | 이지은(Lee Jieun) 🍀 (@lilyiu_) • Instagram photos and videos,https://www.instagram.com/lilyiu_/,1742362920
e1b6d58d-aafa-4622-9e58-7dea50003d27,f1be6a38-eb6e-45a3-88a6-89bb54783058,https://www.youtube.com/watch?v=1WHPExTeOwg,Justin Bieber - Hold On (Official Live Performance) | Vevo - YouTube,https://www.youtube.com/watch?v=30VoWibPyzI,1742372640
e1b6d58d-aafa-4622-9e58-7dea50003d27,f1be6a38-eb6e-45a3-88a6-89bb54783058,https://www.youtube.com/watch?v=Q7jFtS5nkXw,8 Celebrities Who Proudly Admit Getting Botox Injections - Dermatology and Laser Group,https://dermatologyandlasergroup.com/8-celebrities-who-proudly-admit-getting-botox-injections/,1742376000
e1b6d58d-aafa-4622-9e58-7dea50003d27,f1be6a38-eb6e-45a3-88a6-89bb54783058,https://www.youtube.com/watch?v=Yeo04Fp6YvI,Watch Keeping Up With The Kardashians Episode: The End Part 2 - NBC.com,https://www.nbc.com/keeping-up-with-the-kardashians/video/the-end-part-2/4374180,1742380440
e1b6d58d-aafa-4622-9e58-7dea50003d27,f1be6a38-eb6e-45a3-88a6-89bb54783058,https://www.youtube.com/watch?v=HQoJMIgNdjo,Google UK - YouTube,https://www.youtube.com/user/GoogleChannelUK,1742387400
e1b6d58d-aafa-4622-9e58-7dea50003d27,f1be6a38-eb6e-45a3-88a6-89bb54783058,https://www.youtube.com/watch?v=HQoJMIgNdjo,Google UK - YouTube,https://www.youtube.com/user/GoogleChannelUK,1742387400
e1b6d58d-aafa-4622-9e58-7dea50003d27,f1be6a38-eb6e-45a3-88a6-89bb54783058,https://www.youtube.com/watch?v=WkEuPntLlHE,DOWN TO EARTH (TRADUÇÃO) - Justin Bieber - LETRAS.MUS.BR,https://www.letras.mus.br/justin-bieber/1584201/traducao.html,1742389140
e1b6d58d-aafa-4622-9e58-7dea50003d27,f1be6a38-eb6e-45a3-88a6-89bb54783058,https://www.youtube.com/watch?v=rVwZ4BlIBqc,Jennie - Solo Lyrics English,https://krsing.com/kpop-jennie-kim/solo/lyrics-english,1742399280
e1b6d58d-aafa-4622-9e58-7dea50003d27,f1be6a38-eb6e-45a3-88a6-89bb54783058,https://www.youtube.com/watch?v=IswURv2axvg,Americans Try British Snacks For The First Time - YouTube,https://www.youtube.com/watch?v=9J55bGemSkk,1742412600
e1b6d58d-aafa-4622-9e58-7dea50003d27,f1be6a38-eb6e-45a3-88a6-89bb54783058,https://www.youtube.com/watch?v=v3azSDnBWIc,Justin Bieber - Justice (Official Live Performances) | Vevo - YouTube,https://www.youtube.com/watch?v=v3azSDnBWIc,1742412600
e1b6d58d-aafa-4622-9e58-7dea50003d27,f1be6a38-eb6e-45a3-88a6-89bb54783058,https://www.youtube.com/watch?v=ksOVxOiL-x0,Emma Watson smoking - video Dailymotion,https://www.dailymotion.com/video/x2upyyz,1742412600
e1b6d58d-aafa-4622-9e58-7dea50003d27,f1be6a38-eb6e-45a3-88a6-89bb54783058,https://www.youtube.com/watch?v=QhtlhdD1b4Q,Park Seo Joon - 박서준 - Rakuten Viki,https://www.viki.com/celebrities/15074pr-park-seo-joon,1742412600
e1b6d58d-aafa-4622-9e58-7dea50003d27,f1be6a38-eb6e-45a3-88a6-89bb54783058,https://www.youtube.com/watch?v=2rt3m8_dTIk,Pizza Toast - The BakerMama,https://thebakermama.com/recipes/pizza-toast/,1742412600
e1b6d58d-aafa-4622-9e58-7dea50003d27,f1be6a38-eb6e-45a3-88a6-89bb54783058,https://www.youtube.com/watch?v=2rt3m8_dTIk,Pizza Toast - The BakerMama,https://thebakermama.com/recipes/pizza-toast/,1742412600
e1b6d58d-aafa-4622-9e58-7dea50003d27,f1be6a38-eb6e-45a3-88a6-89bb54783058,https://www.youtube.com/watch?v=IswURv2axvg,Americans Try British Snacks For The First Time - YouTube,https://www.youtube.com/watch?v=9J55bGemSkk,1742412600
e1b6d58d-aafa-4622-9e58-7dea50003d27,f1be6a38-eb6e-45a3-88a6-89bb54783058,https://www.youtube.com/watch?v=ksOVxOiL-x0,Emma Watson smoking - video Dailymotion,https://www.dailymotion.com/video/x2upyyz,1742412600
e1b6d58d-aafa-4622-9e58-7dea50003d27,f1be6a38-eb6e-45a3-88a6-89bb54783058,https://www.youtube.com/watch?v=v3azSDnBWIc,Justin Bieber - Justice (Official Live Performances) | Vevo - YouTube,https://www.youtube.com/watch?v=v3azSDnBWIc,1742412600
e1b6d58d-aafa-4622-9e58-7dea50003d27,f1be6a38-eb6e-45a3-88a6-89bb54783058,https://www.youtube.com/watch?v=uItbDkyohZM,Passion Fruit Cocktails - Imbibe Magazine,https://imbibemagazine.com/passion-fruit-cocktails/,1742412660
e1b6d58d-aafa-4622-9e58-7dea50003d27,f1be6a38-eb6e-45a3-88a6-89bb54783058,https://www.youtube.com/watch?v=uItbDkyohZM,Passion Fruit Cocktails - Imbibe Magazine,https://imbibemagazine.com/passion-fruit-cocktails/,1742412660
e1b6d58d-aafa-4622-9e58-7dea50003d27,f1be6a38-eb6e-45a3-88a6-89bb54783058,https://www.youtube.com/watch?v=SALA2uxneQI,Frequently Asked Questions | WIRED,https://www.wired.com/about/faq/,1742412660
e1b6d58d-aafa-4622-9e58-7dea50003d27,f1be6a38-eb6e-45a3-88a6-89bb54783058,https://www.youtube.com/watch?v=SALA2uxneQI,YouTube,https://www.youtube.com/watch?v=XOi2jFIhZhA,1742412660
e1b6d58d-aafa-4622-9e58-7dea50003d27,f1be6a38-eb6e-45a3-88a6-89bb54783058,https://www.youtube.com/watch?v=_9d130LQWWg,Sequoia National Park Travel Guide | U.S. News Travel,https://travel.usnews.com/Sequoia_National_Park_CA/,1742413080
e1b6d58d-aafa-4622-9e58-7dea50003d27,f1be6a38-eb6e-45a3-88a6-89bb54783058,https://www.youtube.com/watch?v=cg8pQiFyXsM,anyone know where to find this wallpaper? : iphonewallpapers,https://www.reddit.com/r/iphonewallpapers/comments/r1tcgy/anyone_know_where_to_find_this_wallpaper/,1742414880
e1b6d58d-aafa-4622-9e58-7dea50003d27,f1be6a38-eb6e-45a3-88a6-89bb54783058,https://www.youtube.com/watch?v=Su6kidaGW_8,Justin Bieber: Tiny Desk (Home) Concert : NPR,https://www.npr.org/2021/03/17/977442129/justin-bieber-tiny-desk-home-concert,1742416200
e1b6d58d-aafa-4622-9e58-7dea50003d27,f1be6a38-eb6e-45a3-88a6-89bb54783058,https://www.youtube.com/watch?v=Su6kidaGW_8,Justin Bieber: Tiny Desk (Home) Concert : NPR,https://www.npr.org/2021/03/17/977442129/justin-bieber-tiny-desk-home-concert,1742416200
e1b6d58d-aafa-4622-9e58-7dea50003d27,f1be6a38-eb6e-45a3-88a6-89bb54783058,https://www.youtube.com/watch?v=yMPJRe2qTlI,Japan - A short travel film - YouTube,https://www.youtube.com/watch?v=yMPJRe2qTlI,1742416320
e1b6d58d-aafa-4622-9e58-7dea50003d27,f1be6a38-eb6e-45a3-88a6-89bb54783058,https://www.youtube.com/watch?v=1Ts9_XOHFuw,Justin Bieber Carpool Karaoke 2020 - YouTube,https://www.youtube.com/watch?v=1Ts9_XOHFuw,1742419800
e1b6d58d-aafa-4622-9e58-7dea50003d27,f1be6a38-eb6e-45a3-88a6-89bb54783058,https://www.youtube.com/watch?v=1Ts9_XOHFuw,Justin Bieber Carpool Karaoke 2020 - YouTube,https://www.youtube.com/watch?v=1Ts9_XOHFuw,1742419800
e1b6d58d-aafa-4622-9e58-7dea50003d27,f1be6a38-eb6e-45a3-88a6-89bb54783058,https://www.youtube.com/watch?v=1V-EcWQlk1U,About Tim,http://timhoppey.com/,1742427240
